fixture_id,teams_home_winner,teams_away_winner,goals_home,goals_away,score_halftime_home,score_halftime_away,halftime_goals_total,fulltime_goals_total,match_result
27521,True,False,1,0,0,0,0,1,1
27519,,,1,1,0,0,0,2,0
27523,,,0,0,0,0,0,0,0
27526,False,True,1,2,1,0,1,3,2
27520,,,1,1,0,0,0,2,0
27522,,,3,3,1,0,1,6,0
27527,True,False,1,0,1,0,1,1,1
27528,,,1,1,1,0,1,2,0
27529,True,False,2,1,2,0,2,3,1
27525,True,False,2,0,1,0,1,2,1
27524,,,1,1,1,0,1,2,0
27532,False,True,0,1,0,0,0,1,2
27535,True,False,1,0,0,0,0,1,1
27539,,,0,0,0,0,0,0,0
27536,,,1,1,1,1,2,2,0
27534,,,1,1,1,0,1,2,0
27531,False,True,2,4,0,2,2,6,2
27540,True,False,2,0,1,0,1,2,1
27537,,,1,1,0,0,0,2,0
27533,,,1,1,1,0,1,2,0
27530,,,1,1,1,0,1,2,0
27538,False,True,0,1,0,1,1,1,2
27542,True,False,1,0,1,0,1,1,1
27548,True,False,3,2,0,2,2,5,1
27545,False,True,0,2,0,1,1,2,2
27551,,,1,1,1,0,1,2,0
27544,,,1,1,0,0,0,2,0
27550,,,2,2,0,1,1,4,0
27546,False,True,0,1,0,0,0,1,2
27549,True,False,2,0,0,0,0,2,1
27541,True,False,3,0,2,0,2,3,1
27547,True,False,2,0,1,0,1,2,1
27543,False,True,0,1,0,1,1,1,2
27555,True,False,4,0,1,0,1,4,1
27557,True,False,1,0,0,0,0,1,1
27559,True,False,3,1,1,1,2,4,1
27556,True,False,1,0,1,0,1,1,1
27560,False,True,0,4,0,1,1,4,2
27562,False,True,1,2,0,1,1,3,2
27558,True,False,1,0,1,0,1,1,1
27554,False,True,1,3,0,1,1,4,2
27552,,,0,0,0,0,0,0,0
27553,True,False,1,0,0,0,0,1,1
27561,True,False,1,0,1,0,1,1,1
27568,True,False,1,0,0,0,0,1,1
27573,False,True,0,1,0,0,0,1,2
27571,True,False,3,0,2,0,2,3,1
27564,True,False,1,0,1,0,1,1,1
27566,,,1,1,0,1,1,2,0
27570,False,True,0,2,0,1,1,2,2
27567,False,True,1,2,1,1,2,3,2
27565,True,False,2,1,0,0,0,3,1
27569,True,False,3,0,2,0,2,3,1
27572,,,1,1,1,1,2,2,0
27563,,,1,1,1,0,1,2,0
27580,True,False,1,0,0,0,0,1,1
27582,False,True,1,4,0,2,2,5,2
27584,False,True,0,2,0,1,1,2,2
27575,,,1,1,0,1,1,2,0
27578,False,True,1,3,0,1,1,4,2
27581,,,1,1,1,1,2,2,0
27579,False,True,0,2,0,1,1,2,2
27577,True,False,1,0,0,0,0,1,1
27583,,,1,1,0,1,1,2,0
27574,False,True,0,2,0,2,2,2,2
27576,True,False,2,1,0,0,0,3,1
27585,,,2,2,2,0,2,4,0
27591,,,1,1,1,1,2,2,0
27590,True,False,4,2,2,0,2,6,1
27594,True,False,1,0,1,0,1,1,1
27595,True,False,1,0,1,0,1,1,1
27586,True,False,2,0,1,0,1,2,1
27592,True,False,1,0,1,0,1,1,1
27587,True,False,2,0,1,0,1,2,1
27593,,,0,0,0,0,0,0,0
27588,,,2,2,2,0,2,4,0
27589,False,True,1,3,1,1,2,4,2
27601,True,False,4,1,2,0,2,5,1
27602,True,False,1,0,1,0,1,1,1
27597,True,False,1,0,0,0,0,1,1
27600,,,0,0,0,0,0,0,0
27605,False,True,1,2,0,1,1,3,2
27603,True,False,1,0,1,0,1,1,1
27598,,,1,1,0,0,0,2,0
27599,True,False,2,1,1,0,1,3,1
27596,,,1,1,1,1,2,2,0
27604,True,False,2,1,1,0,1,3,1
27606,,,1,1,1,0,1,2,0
27612,True,False,2,1,0,0,0,3,1
27609,True,False,2,1,0,1,1,3,1
27608,True,False,4,0,1,0,1,4,1
27614,True,False,3,1,1,0,1,4,1
27616,,,1,1,0,0,0,2,0
27607,True,False,3,0,1,0,1,3,1
27613,True,False,1,0,0,0,0,1,1
27617,,,0,0,0,0,0,0,0
27615,True,False,1,0,0,0,0,1,1
27611,True,False,1,0,1,0,1,1,1
27610,False,True,1,3,0,3,3,4,2
27622,True,False,2,0,1,0,1,2,1
27626,True,False,2,1,0,1,1,3,1
27619,True,False,1,0,0,0,0,1,1
27623,True,False,3,0,2,0,2,3,1
27621,,,1,1,0,1,1,2,0
27625,,,1,1,0,0,0,2,0
27624,True,False,1,0,1,0,1,1,1
27618,,,1,1,0,0,0,2,0
27627,True,False,2,1,0,0,0,3,1
27628,,,1,1,0,0,0,2,0
27620,,,0,0,0,0,0,0,0
27638,,,0,0,0,0,0,0,0
27629,True,False,2,0,1,0,1,2,1
27636,,,2,2,2,2,4,4,0
27633,True,False,1,0,0,0,0,1,1
27639,True,False,3,2,0,2,2,5,1
27634,False,True,1,2,1,1,2,3,2
27632,True,False,2,1,1,0,1,3,1
27637,,,1,1,0,0,0,2,0
27631,False,True,1,2,1,1,2,3,2
27630,True,False,2,0,1,0,1,2,1
27635,True,False,2,0,1,0,1,2,1
27640,True,False,2,0,2,0,2,2,1
27649,,,0,0,0,0,0,0,0
27647,True,False,2,1,0,1,1,3,1
27646,True,False,2,0,0,0,0,2,1
27644,True,False,4,2,1,1,2,6,1
27645,,,1,1,0,0,0,2,0
27643,True,False,5,1,0,1,1,6,1
27648,,,1,1,1,0,1,2,0
27642,True,False,2,1,1,1,2,3,1
27641,True,False,2,0,1,0,1,2,1
27650,False,True,0,2,0,2,2,2,2
27651,True,False,2,0,1,0,1,2,1
27657,False,True,0,1,0,0,0,1,2
27654,False,True,2,3,2,1,3,5,2
27652,True,False,4,0,1,0,1,4,1
27653,,,0,0,0,0,0,0,0
27656,,,0,0,0,0,0,0,0
27659,True,False,2,0,1,0,1,2,1
27658,True,False,3,0,0,0,0,3,1
27660,,,2,2,0,0,0,4,0
27661,,,0,0,0,0,0,0,0
27655,False,True,1,3,1,1,2,4,2
27666,,,2,2,1,0,1,4,0
27667,True,False,2,0,1,0,1,2,1
27671,False,True,1,4,1,1,2,5,2
27669,True,False,2,0,2,0,2,2,1
27672,,,2,2,0,2,2,4,0
27670,True,False,2,1,2,0,2,3,1
27668,False,True,1,2,0,1,1,3,2
27665,False,True,1,3,0,0,0,4,2
27663,True,False,1,0,0,0,0,1,1
27662,True,False,1,0,0,0,0,1,1
27664,,,1,1,0,0,0,2,0
27679,False,True,1,2,0,1,1,3,2
27678,,,2,2,1,2,3,4,0
27680,True,False,2,1,2,0,2,3,1
27675,True,False,2,0,1,0,1,2,1
27674,True,False,4,1,2,0,2,5,1
27681,True,False,1,0,1,0,1,1,1
27677,True,False,1,0,1,0,1,1,1
27676,False,True,0,1,0,1,1,1,2
27682,True,False,3,0,0,0,0,3,1
27683,True,False,2,1,1,0,1,3,1
27673,True,False,2,0,0,0,0,2,1
27693,False,True,0,1,0,1,1,1,2
27685,,,1,1,0,1,1,2,0
27687,False,True,0,1,0,0,0,1,2
27691,False,True,0,2,0,0,0,2,2
27684,,,1,1,1,1,2,2,0
27692,True,False,2,1,0,0,0,3,1
27690,,,0,0,0,0,0,0,0
27689,True,False,1,0,0,0,0,1,1
27688,True,False,3,0,0,0,0,3,1
77219,True,False,2,1,1,0,1,3,1
27686,,,0,0,0,0,0,0,0
27703,,,0,0,0,0,0,0,0
27697,,,2,2,2,0,2,4,0
27699,False,True,0,1,0,1,1,1,2
27694,,,2,2,2,1,3,4,0
27701,False,True,1,2,0,1,1,3,2
27702,False,True,1,2,1,2,3,3,2
27695,False,True,0,1,0,1,1,1,2
27696,True,False,1,0,0,0,0,1,1
27698,,,0,0,0,0,0,0,0
27700,True,False,4,2,2,1,3,6,1
27704,,,0,0,0,0,0,0,0
27710,True,False,1,0,0,0,0,1,1
27708,True,False,1,0,0,0,0,1,1
27711,False,True,1,2,0,2,2,3,2
27714,,,1,1,1,1,2,2,0
27715,True,False,1,0,0,0,0,1,1
27713,False,True,1,3,0,0,0,4,2
27712,True,False,2,1,0,0,0,3,1
27709,,,1,1,1,0,1,2,0
27707,False,True,0,1,0,0,0,1,2
27705,,,1,1,1,1,2,2,0
27706,True,False,3,1,3,1,4,4,1
27725,,,1,1,0,1,1,2,0
27722,True,False,2,0,1,0,1,2,1
27721,,,0,0,0,0,0,0,0
27723,,,0,0,0,0,0,0,0
27726,True,False,2,1,0,1,1,3,1
27720,,,2,2,1,0,1,4,0
27719,True,False,4,1,1,0,1,5,1
27718,True,False,3,0,1,0,1,3,1
27724,False,True,0,1,0,1,1,1,2
27716,True,False,1,0,0,0,0,1,1
27717,,,1,1,1,0,1,2,0
27731,,,1,1,0,0,0,2,0
27737,True,False,2,1,1,1,2,3,1
27729,True,False,3,0,1,0,1,3,1
27736,False,True,1,2,1,2,3,3,2
27727,True,False,2,0,1,0,1,2,1
27728,,,0,0,0,0,0,0,0
27730,True,False,1,0,0,0,0,1,1
27734,True,False,2,1,2,1,3,3,1
27732,False,True,0,3,0,1,1,3,2
27733,False,True,2,3,0,1,1,5,2
27735,,,0,0,0,0,0,0,0
27740,,,0,0,0,0,0,0,0
27738,,,1,1,0,1,1,2,0
27743,True,False,4,1,3,0,3,5,1
27747,,,1,1,0,1,1,2,0
27746,True,False,1,0,1,0,1,1,1
27745,True,False,1,0,0,0,0,1,1
27741,,,1,1,0,1,1,2,0
27739,,,0,0,0,0,0,0,0
27748,False,True,0,2,0,1,1,2,2
27744,,,1,1,1,0,1,2,0
27742,True,False,1,0,0,0,0,1,1
27749,,,0,0,0,0,0,0,0
27756,,,2,2,1,0,1,4,0
27754,True,False,3,2,3,0,3,5,1
27757,False,True,0,1,0,0,0,1,2
27753,True,False,2,1,0,1,1,3,1
27755,True,False,2,0,1,0,1,2,1
27758,True,False,2,0,1,0,1,2,1
27759,True,False,2,0,1,0,1,2,1
27750,True,False,2,0,1,0,1,2,1
27751,False,True,0,2,0,1,1,2,2
27752,True,False,2,1,2,0,2,3,1
27770,True,False,2,0,0,0,0,2,1
27762,False,True,0,1,0,0,0,1,2
27767,True,False,3,2,2,0,2,5,1
27764,,,1,1,1,1,2,2,0
27763,,,1,1,0,1,1,2,0
27769,,,0,0,0,0,0,0,0
27760,True,False,1,0,0,0,0,1,1
27766,,,0,0,0,0,0,0,0
27768,False,True,1,2,1,2,3,3,2
27761,True,False,2,1,0,1,1,3,1
27765,,,0,0,0,0,0,0,0
27775,,,1,1,1,0,1,2,0
27777,True,False,3,0,1,0,1,3,1
27771,False,True,1,3,1,0,1,4,2
27780,True,False,1,0,1,0,1,1,1
27772,,,0,0,0,0,0,0,0
27776,True,False,2,0,2,0,2,2,1
27779,True,False,2,1,2,1,3,3,1
27781,False,True,0,1,0,0,0,1,2
27778,True,False,1,0,0,0,0,1,1
27773,False,True,0,3,0,0,0,3,2
27774,,,1,1,1,1,2,2,0
27791,False,True,0,2,0,1,1,2,2
27787,True,False,1,0,0,0,0,1,1
27785,False,True,1,2,0,0,0,3,2
27786,,,1,1,0,0,0,2,0
27792,False,True,0,2,0,1,1,2,2
27789,False,True,1,2,1,0,1,3,2
27783,False,True,1,2,1,0,1,3,2
27782,True,False,2,0,1,0,1,2,1
27784,True,False,1,0,1,0,1,1,1
27788,False,True,0,1,0,0,0,1,2
27790,,,0,0,0,0,0,0,0
27794,False,True,1,2,1,2,3,3,2
27795,,,1,1,0,0,0,2,0
27796,True,False,2,0,1,0,1,2,1
27803,,,0,0,0,0,0,0,0
27800,True,False,1,0,0,0,0,1,1
27793,True,False,2,0,0,0,0,2,1
27798,True,False,3,0,1,0,1,3,1
27799,,,1,1,1,0,1,2,0
27801,False,True,0,1,0,0,0,1,2
27802,False,True,0,1,0,0,0,1,2
27797,True,False,1,0,1,0,1,1,1
27814,,,2,2,0,1,1,4,0
27804,,,0,0,0,0,0,0,0
27808,False,True,2,3,1,2,3,5,2
27805,True,False,2,0,0,0,0,2,1
27812,True,False,1,0,0,0,0,1,1
27809,True,False,1,0,0,0,0,1,1
27813,False,True,2,3,0,1,1,5,2
27806,True,False,3,1,1,1,2,4,1
27810,,,2,2,0,1,1,4,0
27811,,,0,0,0,0,0,0,0
27807,False,True,0,1,0,1,1,1,2
27815,True,False,1,0,0,0,0,1,1
27816,,,1,1,0,0,0,2,0
27821,True,False,1,0,1,0,1,1,1
27824,False,True,0,1,0,0,0,1,2
27819,,,1,1,0,1,1,2,0
27820,False,True,1,2,1,2,3,3,2
27823,False,True,0,3,0,1,1,3,2
27822,,,1,1,1,0,1,2,0
27818,,,1,1,1,1,2,2,0
27825,False,True,1,2,0,0,0,3,2
27817,,,2,2,1,1,2,4,0
27833,True,False,1,0,0,0,0,1,1
27835,True,False,1,0,0,0,0,1,1
27829,True,False,1,0,0,0,0,1,1
27827,True,False,1,0,1,0,1,1,1
27831,True,False,1,0,0,0,0,1,1
27834,True,False,2,0,1,0,1,2,1
27828,True,False,3,0,2,0,2,3,1
27830,True,False,1,0,1,0,1,1,1
27836,,,1,1,1,0,1,2,0
27826,False,True,0,1,0,0,0,1,2
27832,False,True,1,2,1,0,1,3,2
27837,True,False,1,0,0,0,0,1,1
27840,,,1,1,0,0,0,2,0
27847,True,False,1,0,1,0,1,1,1
27838,,,1,1,1,0,1,2,0
27846,False,True,0,1,0,0,0,1,2
27845,True,False,2,0,0,0,0,2,1
27841,False,True,1,2,1,1,2,3,2
27839,,,0,0,0,0,0,0,0
27844,True,False,3,0,1,0,1,3,1
27842,False,True,1,2,1,1,2,3,2
27843,,,1,1,1,0,1,2,0
27858,True,False,3,2,0,2,2,5,1
27849,,,0,0,0,0,0,0,0
27850,True,False,3,1,2,1,3,4,1
27854,False,True,0,3,0,1,1,3,2
27851,True,False,1,0,0,0,0,1,1
27856,True,False,4,0,3,0,3,4,1
27852,False,True,0,1,0,0,0,1,2
27848,,,1,1,0,0,0,2,0
27853,,,1,1,0,0,0,2,0
27857,True,False,1,0,1,0,1,1,1
27855,True,False,3,0,1,0,1,3,1
27864,,,1,1,0,1,1,2,0
27861,,,2,2,1,0,1,4,0
27865,True,False,2,1,0,0,0,3,1
27859,,,2,2,1,1,2,4,0
27868,False,True,0,1,0,0,0,1,2
27862,True,False,3,2,1,0,1,5,1
27866,True,False,1,0,1,0,1,1,1
27860,,,0,0,0,0,0,0,0
27867,,,1,1,1,0,1,2,0
27863,False,True,0,1,0,0,0,1,2
27869,True,False,3,0,3,0,3,3,1
27880,False,True,0,1,0,1,1,1,2
27872,False,True,0,2,0,0,0,2,2
27874,True,False,1,0,0,0,0,1,1
27876,True,False,1,0,1,0,1,1,1
27879,,,1,1,0,0,0,2,0
27878,True,False,1,0,0,0,0,1,1
27870,False,True,0,1,0,1,1,1,2
27877,,,2,2,1,0,1,4,0
27875,True,False,2,0,1,0,1,2,1
27873,True,False,1,0,1,0,1,1,1
27871,,,3,3,1,2,3,6,0
27890,True,False,1,0,1,0,1,1,1
27885,False,True,1,2,0,1,1,3,2
27887,True,False,2,1,2,1,3,3,1
27882,True,False,3,0,2,0,2,3,1
27888,False,True,1,3,1,1,2,4,2
27889,False,True,0,1,0,0,0,1,2
27881,,,1,1,0,0,0,2,0
27886,,,1,1,1,0,1,2,0
27883,False,True,0,4,0,1,1,4,2
27884,False,True,0,3,0,0,0,3,2
27891,False,True,0,2,0,1,1,2,2
27893,False,True,1,4,1,2,3,5,2
27898,False,True,1,2,0,1,1,3,2
27892,True,False,4,2,3,2,5,6,1
27897,,,0,0,0,0,0,0,0
27899,True,False,2,0,2,0,2,2,1
27902,True,False,1,0,0,0,0,1,1
27894,True,False,2,1,1,0,1,3,1
27895,False,True,1,2,0,1,1,3,2
27900,,,3,3,2,1,3,6,0
27901,False,True,1,3,0,1,1,4,2
27896,False,True,1,2,1,0,1,3,2
27909,False,True,1,2,0,2,2,3,2
27908,False,True,0,1,0,0,0,1,2
27903,False,True,0,1,0,0,0,1,2
27910,True,False,2,0,0,0,0,2,1
27905,True,False,1,0,1,0,1,1,1
27912,False,True,0,1,0,0,0,1,2
27911,,,1,1,0,1,1,2,0
27913,,,1,1,1,0,1,2,0
27906,True,False,2,0,2,0,2,2,1
27907,True,False,4,1,3,0,3,5,1
27904,False,True,0,3,0,0,0,3,2
27915,,,0,0,0,0,0,0,0
27919,False,True,0,1,0,0,0,1,2
27924,False,True,0,1,0,0,0,1,2
27923,True,False,2,1,0,0,0,3,1
27917,True,False,1,0,0,0,0,1,1
27920,True,False,4,2,2,1,3,6,1
27921,True,False,2,1,1,1,2,3,1
27918,True,False,2,1,0,0,0,3,1
27914,,,0,0,0,0,0,0,0
27922,,,1,1,0,0,0,2,0
27916,,,1,1,1,1,2,2,0
27929,True,False,2,1,2,0,2,3,1
27935,,,0,0,0,0,0,0,0
27928,True,False,2,1,1,0,1,3,1
27932,True,False,2,0,1,0,1,2,1
27927,False,True,0,3,0,1,1,3,2
27933,True,False,1,0,0,0,0,1,1
27925,True,False,5,3,3,2,5,8,1
27926,,,1,1,1,0,1,2,0
27934,False,True,2,3,1,3,4,5,2
27930,True,False,1,0,1,0,1,1,1
27931,True,False,3,0,2,0,2,3,1
27946,True,False,4,2,1,1,2,6,1
27937,False,True,0,1,0,0,0,1,2
27940,True,False,3,0,1,0,1,3,1
27945,False,True,0,1,0,0,0,1,2
27943,True,False,1,0,0,0,0,1,1
27944,True,False,1,0,0,0,0,1,1
27941,True,False,3,2,0,1,1,5,1
27938,,,0,0,0,0,0,0,0
27942,True,False,1,0,0,0,0,1,1
27939,True,False,4,3,3,0,3,7,1
27936,False,True,0,1,0,0,0,1,2
27952,True,False,3,1,0,1,1,4,1
27955,,,0,0,0,0,0,0,0
27956,False,True,0,2,0,1,1,2,2
27954,True,False,2,0,1,0,1,2,1
27953,True,False,1,0,0,0,0,1,1
27947,,,0,0,0,0,0,0,0
27950,,,3,3,0,1,1,6,0
27957,True,False,2,1,1,0,1,3,1
27951,,,1,1,1,0,1,2,0
27949,,,0,0,0,0,0,0,0
27948,True,False,1,0,0,0,0,1,1
27961,False,True,2,3,0,2,2,5,2
27959,False,True,0,1,0,1,1,1,2
27967,False,True,0,1,0,0,0,1,2
27963,,,0,0,0,0,0,0,0
27962,,,0,0,0,0,0,0,0
27964,,,0,0,0,0,0,0,0
27965,,,1,1,0,0,0,2,0
27966,True,False,4,3,1,1,2,7,1
27960,False,True,0,1,0,1,1,1,2
27968,,,0,0,0,0,0,0,0
27958,False,True,1,2,0,1,1,3,2
27976,True,False,1,0,0,0,0,1,1
27974,True,False,3,0,1,0,1,3,1
27973,True,False,2,1,2,0,2,3,1
27970,True,False,2,0,1,0,1,2,1
27971,,,0,0,0,0,0,0,0
27969,True,False,3,0,0,0,0,3,1
27978,True,False,1,0,1,0,1,1,1
27977,True,False,1,0,0,0,0,1,1
27972,,,1,1,0,0,0,2,0
27975,,,1,1,1,0,1,2,0
27979,True,False,1,0,0,0,0,1,1
214402,,,0,0,0,0,0,0,0
214403,False,True,0,1,0,0,0,1,2
214404,True,False,3,0,0,0,0,3,1
214412,False,True,0,2,0,2,2,2,2
214405,,,2,2,2,1,3,4,0
214406,True,False,2,0,1,0,1,2,1
214407,True,False,3,2,1,0,1,5,1
214408,False,True,0,1,0,0,0,1,2
214411,,,1,1,0,0,0,2,0
214410,False,True,0,1,0,0,0,1,2
214409,True,False,3,1,0,1,1,4,1
214413,True,False,1,0,0,0,0,1,1
214414,,,1,1,1,0,1,2,0
214415,,,1,1,1,0,1,2,0
214416,False,True,1,2,0,0,0,3,2
214417,False,True,1,2,1,0,1,3,2
214418,,,1,1,0,0,0,2,0
214419,,,1,1,0,0,0,2,0
214420,,,1,1,1,0,1,2,0
214421,True,False,3,1,2,0,2,4,1
214422,True,False,3,2,1,0,1,5,1
214423,False,True,1,2,0,1,1,3,2
214426,True,False,1,0,0,0,0,1,1
214424,True,False,2,1,1,1,2,3,1
214428,True,False,2,0,0,0,0,2,1
214425,True,False,1,0,1,0,1,1,1
214427,,,2,2,0,1,1,4,0
214429,False,True,2,4,1,2,3,6,2
214430,True,False,3,1,2,1,3,4,1
214431,True,False,2,0,0,0,0,2,1
214434,True,False,1,0,1,0,1,1,1
214433,True,False,4,0,1,0,1,4,1
214432,True,False,2,1,1,0,1,3,1
214444,False,True,1,2,0,1,1,3,2
214436,False,True,0,1,0,0,0,1,2
214443,False,True,0,1,0,1,1,1,2
214439,,,1,1,0,1,1,2,0
214438,,,0,0,0,0,0,0,0
214445,,,0,0,0,0,0,0,0
214441,True,False,1,0,0,0,0,1,1
214440,True,False,3,1,1,0,1,4,1
214442,True,False,2,1,1,1,2,3,1
214437,,,1,1,1,0,1,2,0
214435,False,True,0,3,0,2,2,3,2
214454,True,False,2,0,1,0,1,2,1
214450,,,1,1,0,0,0,2,0
214451,True,False,1,0,0,0,0,1,1
214448,False,True,0,3,0,1,1,3,2
214447,True,False,2,0,1,0,1,2,1
214452,,,1,1,1,0,1,2,0
214446,False,True,0,4,0,2,2,4,2
214453,False,True,0,2,0,1,1,2,2
214456,True,False,3,1,1,0,1,4,1
214449,True,False,2,0,2,0,2,2,1
214455,,,1,1,1,0,1,2,0
214458,True,False,3,1,1,0,1,4,1
214467,True,False,4,0,2,0,2,4,1
214465,,,1,1,1,0,1,2,0
214457,True,False,3,0,1,0,1,3,1
214462,False,True,0,1,0,1,1,1,2
214464,,,2,2,2,0,2,4,0
214459,,,3,3,0,1,1,6,0
214466,,,1,1,0,0,0,2,0
214460,,,1,1,1,0,1,2,0
214463,True,False,1,0,0,0,0,1,1
214472,,,2,2,2,1,3,4,0
214469,,,0,0,0,0,0,0,0
214478,,,0,0,0,0,0,0,0
214475,,,1,1,0,0,0,2,0
214468,True,False,1,0,0,0,0,1,1
214474,True,False,2,1,0,0,0,3,1
214471,True,False,1,0,0,0,0,1,1
214473,,,1,1,1,1,2,2,0
214477,,,1,1,1,0,1,2,0
214470,False,True,0,1,0,1,1,1,2
214476,False,True,0,1,0,0,0,1,2
214485,True,False,3,2,2,0,2,5,1
214483,,,2,2,0,1,1,4,0
214484,True,False,1,0,1,0,1,1,1
214479,False,True,0,2,0,0,0,2,2
214482,True,False,1,0,1,0,1,1,1
214489,,,0,0,0,0,0,0,0
214487,,,0,0,0,0,0,0,0
214480,False,True,1,2,0,0,0,3,2
214488,,,2,2,1,1,2,4,0
214486,False,True,1,4,1,2,3,5,2
214481,,,1,1,0,0,0,2,0
214490,,,0,0,0,0,0,0,0
214492,True,False,2,0,0,0,0,2,1
214495,True,False,1,0,1,0,1,1,1
214497,,,1,1,1,0,1,2,0
214494,,,1,1,0,0,0,2,0
214491,True,False,1,0,0,0,0,1,1
214496,False,True,0,2,0,1,1,2,2
214498,False,True,0,1,0,1,1,1,2
214499,True,False,4,2,4,1,5,6,1
214500,,,2,2,1,1,2,4,0
214493,True,False,3,1,2,0,2,4,1
214501,False,True,0,1,0,0,0,1,2
214506,False,True,0,2,0,0,0,2,2
214503,,,1,1,0,0,0,2,0
214507,True,False,2,0,1,0,1,2,1
214510,False,True,1,2,1,1,2,3,2
214504,True,False,2,0,0,0,0,2,1
214508,,,1,1,1,0,1,2,0
214511,False,True,0,2,0,0,0,2,2
214502,,,0,0,0,0,0,0,0
214505,True,False,2,0,2,0,2,2,1
214509,False,True,0,3,0,1,1,3,2
214521,True,False,2,1,1,1,2,3,1
214515,False,True,0,2,0,1,1,2,2
214522,False,True,1,3,0,3,3,4,2
214513,,,0,0,0,0,0,0,0
214514,,,1,1,1,0,1,2,0
214519,False,True,1,2,0,1,1,3,2
214518,True,False,2,1,1,0,1,3,1
214520,False,True,0,1,0,0,0,1,2
214512,False,True,1,2,1,0,1,3,2
214516,,,1,1,0,0,0,2,0
214517,True,False,3,0,2,0,2,3,1
214461,True,False,2,1,1,0,1,3,1
214524,True,False,2,0,1,0,1,2,1
214530,,,1,1,1,0,1,2,0
214523,,,2,2,1,0,1,4,0
214526,False,True,0,1,0,1,1,1,2
214529,True,False,3,2,2,0,2,5,1
214527,False,True,0,3,0,1,1,3,2
214528,False,True,0,1,0,0,0,1,2
214525,False,True,0,2,0,1,1,2,2
214532,,,3,3,2,1,3,6,0
214531,True,False,4,2,2,1,3,6,1
214533,False,True,1,2,0,1,1,3,2
214534,True,False,1,0,0,0,0,1,1
214543,False,True,1,3,0,1,1,4,2
214542,,,1,1,1,0,1,2,0
214539,,,0,0,0,0,0,0,0
214541,True,False,3,1,1,1,2,4,1
214540,True,False,2,1,0,0,0,3,1
214536,,,0,0,0,0,0,0,0
214544,True,False,4,0,2,0,2,4,1
214537,True,False,2,0,1,0,1,2,1
214538,False,True,1,3,0,2,2,4,2
214535,True,False,3,2,0,0,0,5,1
214551,True,False,1,0,0,0,0,1,1
214546,True,False,3,1,1,0,1,4,1
214552,True,False,1,0,0,0,0,1,1
214553,,,0,0,0,0,0,0,0
214549,,,1,1,1,0,1,2,0
214545,True,False,1,0,1,0,1,1,1
214554,,,0,0,0,0,0,0,0
214548,False,True,1,3,0,2,2,4,2
214550,True,False,1,0,0,0,0,1,1
214555,True,False,3,0,2,0,2,3,1
214547,True,False,4,2,2,1,3,6,1
214559,True,False,1,0,0,0,0,1,1
214560,True,False,3,1,2,1,3,4,1
214562,True,False,2,0,1,0,1,2,1
214556,False,True,0,1,0,0,0,1,2
214566,False,True,0,1,0,1,1,1,2
214561,,,1,1,1,1,2,2,0
214558,False,True,1,3,1,1,2,4,2
214557,,,1,1,1,0,1,2,0
214563,,,0,0,0,0,0,0,0
214564,,,2,2,0,0,0,4,0
214565,,,1,1,0,1,1,2,0
214570,True,False,3,2,1,0,1,5,1
214569,True,False,2,0,2,0,2,2,1
214568,,,1,1,0,0,0,2,0
214573,,,2,2,1,1,2,4,0
214577,False,True,0,1,0,0,0,1,2
214574,,,1,1,0,0,0,2,0
214567,True,False,1,0,1,0,1,1,1
214575,,,0,0,0,0,0,0,0
214571,,,1,1,0,1,1,2,0
214572,True,False,2,1,2,1,3,3,1
214576,,,1,1,1,1,2,2,0
214588,False,True,0,2,0,0,0,2,2
214587,False,True,0,1,0,0,0,1,2
214586,True,False,3,0,1,0,1,3,1
214581,,,0,0,0,0,0,0,0
214583,True,False,2,0,1,0,1,2,1
214579,True,False,2,0,2,0,2,2,1
214585,,,3,3,1,2,3,6,0
214578,False,True,1,2,1,2,3,3,2
214584,True,False,3,1,2,0,2,4,1
214582,True,False,2,0,0,0,0,2,1
214580,True,False,2,1,1,1,2,3,1
214595,,,0,0,0,0,0,0,0
214589,False,True,0,2,0,0,0,2,2
214594,,,0,0,0,0,0,0,0
214598,False,True,1,3,1,2,3,4,2
214596,,,1,1,0,1,1,2,0
214599,,,3,3,1,2,3,6,0
214592,True,False,1,0,0,0,0,1,1
214597,True,False,2,1,1,1,2,3,1
214590,True,False,2,0,1,0,1,2,1
214593,,,0,0,0,0,0,0,0
214591,False,True,0,1,0,1,1,1,2
214600,,,1,1,0,0,0,2,0
214609,,,2,2,1,0,1,4,0
214601,False,True,1,3,1,2,3,4,2
214608,True,False,2,0,1,0,1,2,1
214606,False,True,0,2,0,1,1,2,2
214610,True,False,1,0,0,0,0,1,1
214602,True,False,3,1,0,1,1,4,1
214605,True,False,3,1,1,0,1,4,1
214604,False,True,1,3,0,2,2,4,2
214607,True,False,3,1,2,0,2,4,1
214603,,,0,0,0,0,0,0,0
214616,True,False,2,0,1,0,1,2,1
214615,True,False,2,0,0,0,0,2,1
214620,,,0,0,0,0,0,0,0
214617,True,False,2,0,2,0,2,2,1
214621,True,False,2,0,1,0,1,2,1
214612,,,0,0,0,0,0,0,0
214618,False,True,0,2,0,1,1,2,2
214614,False,True,1,2,0,1,1,3,2
214611,False,True,2,3,2,0,2,5,2
214613,,,2,2,0,0,0,4,0
214626,True,False,2,1,1,0,1,3,1
214630,,,1,1,1,0,1,2,0
214622,False,True,0,1,0,0,0,1,2
214632,False,True,0,1,0,0,0,1,2
214629,,,1,1,1,1,2,2,0
214631,,,1,1,1,1,2,2,0
214625,False,True,2,4,1,1,2,6,2
214624,False,True,2,3,1,0,1,5,2
214628,True,False,2,1,1,1,2,3,1
214623,,,1,1,1,0,1,2,0
214627,False,True,0,3,0,1,1,3,2
214634,,,0,0,0,0,0,0,0
214635,,,0,0,0,0,0,0,0
214639,,,0,0,0,0,0,0,0
214636,False,True,0,4,0,2,2,4,2
214642,True,False,4,2,2,0,2,6,1
214633,,,1,1,0,0,0,2,0
214637,,,0,0,0,0,0,0,0
214638,False,True,0,1,0,0,0,1,2
214641,True,False,1,0,1,0,1,1,1
214640,,,1,1,1,0,1,2,0
214643,True,False,2,0,1,0,1,2,1
214644,,,1,1,1,0,1,2,0
214654,True,False,1,0,0,0,0,1,1
214652,True,False,1,0,1,0,1,1,1
214651,False,True,0,1,0,0,0,1,2
214650,True,False,2,1,2,1,3,3,1
214645,,,2,2,0,0,0,4,0
214653,True,False,1,0,1,0,1,1,1
214647,,,3,3,1,1,2,6,0
214648,True,False,2,1,1,1,2,3,1
214649,True,False,3,1,2,0,2,4,1
214646,True,False,2,0,0,0,0,2,1
214658,,,0,0,0,0,0,0,0
214661,True,False,2,0,1,0,1,2,1
214659,True,False,1,0,0,0,0,1,1
214662,,,1,1,0,0,0,2,0
214656,,,1,1,1,0,1,2,0
214655,True,False,1,0,0,0,0,1,1
214663,,,1,1,0,0,0,2,0
214664,,,1,1,0,0,0,2,0
214657,False,True,1,2,1,1,2,3,2
214665,True,False,1,0,1,0,1,1,1
214669,True,False,1,0,0,0,0,1,1
214671,True,False,2,1,0,1,1,3,1
214675,True,False,1,0,1,0,1,1,1
214672,,,0,0,0,0,0,0,0
214676,True,False,1,0,0,0,0,1,1
214673,,,2,2,1,0,1,4,0
214668,False,True,0,2,0,0,0,2,2
214666,False,True,0,1,0,1,1,1,2
214667,True,False,3,1,2,0,2,4,1
214674,,,1,1,0,0,0,2,0
214670,,,1,1,0,0,0,2,0
214687,True,False,2,1,2,0,2,3,1
214680,True,False,1,0,1,0,1,1,1
214678,True,False,2,1,1,0,1,3,1
214684,True,False,3,1,2,0,2,4,1
214679,True,False,2,0,1,0,1,2,1
214681,False,True,0,1,0,1,1,1,2
214677,,,1,1,0,0,0,2,0
214683,,,1,1,0,0,0,2,0
214682,,,0,0,0,0,0,0,0
214685,True,False,3,1,1,1,2,4,1
214686,,,1,1,0,1,1,2,0
214690,False,True,0,1,0,1,1,1,2
214691,False,True,2,4,0,2,2,6,2
214692,True,False,1,0,0,0,0,1,1
214693,False,True,1,2,0,1,1,3,2
214698,,,0,0,0,0,0,0,0
214688,,,1,1,0,1,1,2,0
214689,False,True,0,1,0,0,0,1,2
214697,,,2,2,1,1,2,4,0
214694,,,2,2,1,0,1,4,0
214696,,,1,1,0,1,1,2,0
214695,True,False,2,1,0,1,1,3,1
214700,,,2,2,1,0,1,4,0
214703,True,False,3,2,2,0,2,5,1
214705,,,1,1,0,0,0,2,0
214707,False,True,1,2,0,2,2,3,2
214701,False,True,1,2,1,2,3,3,2
214704,,,1,1,1,1,2,2,0
214702,False,True,0,1,0,0,0,1,2
214699,False,True,0,1,0,0,0,1,2
214706,,,0,0,0,0,0,0,0
214708,False,True,0,2,0,1,1,2,2
214709,,,0,0,0,0,0,0,0
214660,,,1,1,0,1,1,2,0
214719,True,False,1,0,0,0,0,1,1
214711,,,1,1,1,1,2,2,0
214712,,,0,0,0,0,0,0,0
214718,True,False,1,0,1,0,1,1,1
214714,True,False,2,0,2,0,2,2,1
214710,True,False,2,1,0,1,1,3,1
214715,True,False,1,0,1,0,1,1,1
214720,True,False,3,1,2,1,3,4,1
214716,True,False,2,0,2,0,2,2,1
214713,True,False,3,2,0,0,0,5,1
214717,True,False,2,0,0,0,0,2,1
214727,,,1,1,0,0,0,2,0
214729,True,False,1,0,1,0,1,1,1
214726,,,2,2,1,1,2,4,0
214722,True,False,2,1,1,1,2,3,1
214721,,,1,1,1,1,2,2,0
214731,,,2,2,0,0,0,4,0
214728,,,1,1,0,0,0,2,0
214723,,,0,0,0,0,0,0,0
214724,True,False,2,0,1,0,1,2,1
214730,True,False,1,0,0,0,0,1,1
214725,False,True,3,4,1,3,4,7,2
214737,,,1,1,0,1,1,2,0
214735,,,1,1,1,0,1,2,0
214734,False,True,1,2,0,1,1,3,2
214739,False,True,1,2,0,0,0,3,2
214736,True,False,2,0,2,0,2,2,1
214733,True,False,4,0,2,0,2,4,1
214740,False,True,2,3,1,0,1,5,2
214738,False,True,0,1,0,0,0,1,2
214732,False,True,1,2,0,0,0,3,2
214742,True,False,4,0,0,0,0,4,1
214741,True,False,1,0,0,0,0,1,1
214619,True,False,1,0,0,0,0,1,1
214747,True,False,1,0,1,0,1,1,1
214746,,,1,1,1,0,1,2,0
214750,False,True,1,3,1,2,3,4,2
214751,,,0,0,0,0,0,0,0
214752,False,True,1,2,1,0,1,3,2
214748,,,0,0,0,0,0,0,0
214753,False,True,1,3,0,0,0,4,2
214749,True,False,2,1,1,0,1,3,1
214745,,,0,0,0,0,0,0,0
214743,False,True,0,1,0,1,1,1,2
214744,,,1,1,0,0,0,2,0
214761,True,False,2,1,1,1,2,3,1
214764,,,0,0,0,0,0,0,0
214759,False,True,1,3,0,1,1,4,2
214757,,,0,0,0,0,0,0,0
214756,False,True,0,1,0,1,1,1,2
214762,,,2,2,2,1,3,4,0
214755,False,True,0,1,0,1,1,1,2
214763,True,False,1,0,0,0,0,1,1
214758,False,True,1,2,0,0,0,3,2
214760,False,True,1,2,1,1,2,3,2
214754,False,True,0,2,0,2,2,2,2
214768,True,False,1,0,0,0,0,1,1
214767,,,3,3,0,2,2,6,0
214775,False,True,0,2,0,1,1,2,2
214770,True,False,1,0,0,0,0,1,1
214772,,,1,1,1,0,1,2,0
214771,False,True,1,2,1,1,2,3,2
214773,False,True,1,2,0,1,1,3,2
214766,,,1,1,0,0,0,2,0
214765,,,2,2,1,0,1,4,0
214769,True,False,2,0,1,0,1,2,1
214774,False,True,0,1,0,0,0,1,2
214782,,,0,0,0,0,0,0,0
214778,False,True,0,1,0,0,0,1,2
214779,False,True,1,2,1,1,2,3,2
214781,,,1,1,0,0,0,2,0
214786,True,False,4,1,2,0,2,5,1
214780,True,False,2,0,2,0,2,2,1
214776,,,0,0,0,0,0,0,0
214783,,,1,1,1,1,2,2,0
214777,False,True,0,1,0,1,1,1,2
214785,,,1,1,0,1,1,2,0
214784,,,0,0,0,0,0,0,0
214789,True,False,2,1,0,0,0,3,1
214788,False,True,0,2,0,1,1,2,2
214791,,,1,1,1,1,2,2,0
214795,False,True,1,2,1,0,1,3,2
214796,True,False,2,0,1,0,1,2,1
214792,,,2,2,1,2,3,4,0
214793,True,False,2,0,1,0,1,2,1
214794,True,False,1,0,1,0,1,1,1
214790,,,1,1,1,1,2,2,0
214787,True,False,3,2,1,1,2,5,1
214797,False,True,0,1,0,0,0,1,2
214808,,,1,1,0,0,0,2,0
214800,,,0,0,0,0,0,0,0
214806,True,False,1,0,1,0,1,1,1
214804,True,False,3,1,1,0,1,4,1
214799,True,False,1,0,0,0,0,1,1
214805,False,True,0,3,0,0,0,3,2
214801,True,False,3,1,2,0,2,4,1
214803,True,False,1,0,1,0,1,1,1
214798,,,1,1,0,1,1,2,0
214807,,,0,0,0,0,0,0,0
214802,True,False,1,0,0,0,0,1,1
214816,True,False,1,0,1,0,1,1,1
214817,False,True,1,2,1,0,1,3,2
214810,False,True,1,2,1,1,2,3,2
214813,,,2,2,0,0,0,4,0
214811,True,False,2,0,1,0,1,2,1
214812,True,False,2,1,2,1,3,3,1
214814,True,False,3,0,0,0,0,3,1
214815,,,0,0,0,0,0,0,0
214809,,,2,2,1,0,1,4,0
214818,,,0,0,0,0,0,0,0
214819,False,True,2,4,1,1,2,6,2
214825,True,False,1,0,0,0,0,1,1
214822,True,False,1,0,0,0,0,1,1
214821,False,True,0,1,0,1,1,1,2
214828,True,False,2,1,1,0,1,3,1
214826,True,False,1,0,0,0,0,1,1
214827,False,True,0,1,0,0,0,1,2
214824,True,False,2,1,2,1,3,3,1
214820,,,1,1,0,1,1,2,0
214829,True,False,3,2,2,0,2,5,1
214830,,,1,1,1,1,2,2,0
214823,True,False,1,0,0,0,0,1,1
214839,True,False,1,0,1,0,1,1,1
214836,True,False,1,0,0,0,0,1,1
214833,False,True,0,1,0,0,0,1,2
214834,False,True,2,3,1,0,1,5,2
214837,,,2,2,1,1,2,4,0
214838,True,False,1,0,0,0,0,1,1
214841,False,True,2,4,0,2,2,6,2
214832,True,False,3,2,3,0,3,5,1
214840,True,False,2,1,2,0,2,3,1
214831,,,0,0,0,0,0,0,0
214835,True,False,2,0,0,0,0,2,1
214851,,,2,2,1,1,2,4,0
214850,True,False,1,0,1,0,1,1,1
214849,True,False,2,1,1,1,2,3,1
214848,True,False,2,0,1,0,1,2,1
214847,True,False,1,0,1,0,1,1,1
214852,False,True,1,2,0,0,0,3,2
214845,True,False,2,1,1,0,1,3,1
214844,True,False,3,1,0,0,0,4,1
214843,True,False,2,0,2,0,2,2,1
214842,True,False,4,1,3,1,4,5,1
214846,True,False,3,0,0,0,0,3,1
214858,True,False,5,1,4,0,4,6,1
214863,True,False,2,1,1,0,1,3,1
214862,False,True,0,1,0,0,0,1,2
214861,False,True,1,2,1,0,1,3,2
214860,True,False,2,1,1,0,1,3,1
214859,True,False,2,1,0,1,1,3,1
214857,True,False,2,1,1,1,2,3,1
214855,False,True,0,1,0,0,0,1,2
214854,,,0,0,0,0,0,0,0
214853,True,False,2,0,0,0,0,2,1
214856,True,False,2,1,0,1,1,3,1
606694,False,True,1,2,1,1,2,3,2
606698,True,False,1,0,0,0,0,1,1
606691,True,False,1,0,0,0,0,1,1
606689,True,False,3,0,2,0,2,3,1
606695,,,0,0,0,0,0,0,0
606692,False,True,0,1,0,0,0,1,2
606693,,,0,0,0,0,0,0,0
606690,True,False,2,0,0,0,0,2,1
606699,True,False,2,0,1,0,1,2,1
606709,,,1,1,0,0,0,2,0
606701,True,False,2,0,0,0,0,2,1
606704,False,True,0,1,0,1,1,1,2
606710,True,False,2,1,0,1,1,3,1
606708,True,False,2,1,0,1,1,3,1
606706,,,0,0,0,0,0,0,0
606703,False,True,0,1,0,0,0,1,2
606700,False,True,0,2,0,1,1,2,2
606707,,,3,3,1,0,1,6,0
606719,,,2,2,1,1,2,4,0
606720,True,False,2,0,0,0,0,2,1
606713,,,1,1,0,0,0,2,0
606715,True,False,1,0,1,0,1,1,1
606711,True,False,1,0,0,0,0,1,1
606714,False,True,0,2,0,2,2,2,2
606716,True,False,1,0,0,0,0,1,1
606717,True,False,3,0,3,0,3,3,1
606721,False,True,1,2,1,1,2,3,2
606718,False,True,0,2,0,0,0,2,2
606712,True,False,3,1,3,0,3,4,1
606730,False,True,0,1,0,0,0,1,2
606723,,,0,0,0,0,0,0,0
606729,True,False,2,0,1,0,1,2,1
606722,,,1,1,0,1,1,2,0
606728,True,False,2,1,0,0,0,3,1
606731,True,False,4,0,2,0,2,4,1
606727,False,True,0,1,0,1,1,1,2
606732,False,True,0,1,0,0,0,1,2
606724,False,True,0,1,0,0,0,1,2
606726,True,False,2,0,1,0,1,2,1
606725,True,False,2,1,1,0,1,3,1
606742,False,True,0,2,0,0,0,2,2
606736,True,False,1,0,0,0,0,1,1
606733,True,False,1,0,0,0,0,1,1
606743,True,False,1,0,0,0,0,1,1
606734,,,1,1,1,0,1,2,0
606737,False,True,0,1,0,0,0,1,2
606735,False,True,0,1,0,1,1,1,2
606738,,,0,0,0,0,0,0,0
606741,True,False,1,0,0,0,0,1,1
606739,False,True,0,2,0,0,0,2,2
606740,True,False,1,0,1,0,1,1,1
606744,True,False,3,0,1,0,1,3,1
606746,,,1,1,0,0,0,2,0
606749,True,False,2,0,1,0,1,2,1
606750,False,True,0,1,0,1,1,1,2
606747,False,True,0,1,0,0,0,1,2
606752,True,False,1,0,0,0,0,1,1
606753,False,True,1,2,0,2,2,3,2
606751,,,0,0,0,0,0,0,0
606748,True,False,1,0,0,0,0,1,1
606754,,,1,1,0,0,0,2,0
606756,True,False,2,0,2,0,2,2,1
606758,True,False,2,1,0,0,0,3,1
606760,True,False,3,0,0,0,0,3,1
606763,True,False,1,0,1,0,1,1,1
606755,,,1,1,0,1,1,2,0
606757,,,0,0,0,0,0,0,0
606759,True,False,1,0,0,0,0,1,1
606762,,,0,0,0,0,0,0,0
606764,,,0,0,0,0,0,0,0
606761,True,False,1,0,1,0,1,1,1
606772,False,True,2,3,1,0,1,5,2
606769,True,False,3,0,2,0,2,3,1
606768,True,False,3,0,1,0,1,3,1
606770,False,True,0,1,0,1,1,1,2
606775,True,False,2,1,0,1,1,3,1
606771,True,False,2,1,0,0,0,3,1
606776,,,0,0,0,0,0,0,0
606766,True,False,2,1,1,0,1,3,1
606773,,,1,1,1,0,1,2,0
606774,,,0,0,0,0,0,0,0
606767,False,True,0,2,0,2,2,2,2
606780,True,False,2,1,1,1,2,3,1
606781,True,False,2,0,1,0,1,2,1
606779,False,True,1,2,0,1,1,3,2
606777,,,1,1,1,0,1,2,0
606785,False,True,2,3,1,0,1,5,2
606778,False,True,1,2,0,0,0,3,2
606787,,,1,1,1,0,1,2,0
606782,True,False,3,1,1,0,1,4,1
606783,True,False,1,0,0,0,0,1,1
606786,True,False,1,0,0,0,0,1,1
606784,True,False,2,0,0,0,0,2,1
606789,True,False,3,1,3,0,3,4,1
606791,False,True,1,2,0,2,2,3,2
606792,True,False,1,0,0,0,0,1,1
606797,,,0,0,0,0,0,0,0
606796,False,True,0,3,0,1,1,3,2
606790,,,1,1,1,0,1,2,0
606794,True,False,1,0,1,0,1,1,1
606788,,,0,0,0,0,0,0,0
606793,True,False,1,0,1,0,1,1,1
606798,True,False,1,0,1,0,1,1,1
606795,False,True,0,3,0,1,1,3,2
606696,,,2,2,0,1,1,4,0
606697,False,True,1,2,1,1,2,3,2
606745,False,True,0,1,0,0,0,1,2
606799,,,0,0,0,0,0,0,0
606801,False,True,0,1,0,0,0,1,2
606805,True,False,1,0,1,0,1,1,1
606803,True,False,2,1,1,1,2,3,1
606808,False,True,1,2,1,1,2,3,2
606800,False,True,0,3,0,1,1,3,2
606806,False,True,0,1,0,0,0,1,2
606804,True,False,3,0,2,0,2,3,1
606807,True,False,4,0,1,0,1,4,1
606809,True,False,1,0,1,0,1,1,1
606802,,,1,1,0,1,1,2,0
606819,False,True,1,2,1,1,2,3,2
606813,,,1,1,0,1,1,2,0
606810,True,False,2,1,2,1,3,3,1
606812,False,True,0,1,0,1,1,1,2
606817,True,False,1,0,0,0,0,1,1
606815,True,False,1,0,0,0,0,1,1
606818,,,1,1,0,1,1,2,0
606816,True,False,1,0,0,0,0,1,1
606811,True,False,2,1,0,0,0,3,1
606814,True,False,1,0,0,0,0,1,1
606820,,,1,1,0,0,0,2,0
606822,True,False,1,0,0,0,0,1,1
606823,False,True,1,2,1,0,1,3,2
606824,False,True,1,2,0,1,1,3,2
606826,True,False,4,1,1,0,1,5,1
606828,True,False,2,1,2,0,2,3,1
606829,,,1,1,1,0,1,2,0
606830,True,False,3,1,2,0,2,4,1
606825,,,0,0,0,0,0,0,0
606831,False,True,0,1,0,1,1,1,2
606827,True,False,2,1,0,0,0,3,1
606821,False,True,1,2,0,1,1,3,2
606835,False,True,0,1,0,1,1,1,2
606834,False,True,0,2,0,2,2,2,2
606840,,,0,0,0,0,0,0,0
606842,True,False,3,1,1,0,1,4,1
606837,False,True,0,2,0,1,1,2,2
606841,False,True,1,2,1,0,1,3,2
606836,,,1,1,0,0,0,2,0
606833,False,True,1,2,0,0,0,3,2
606838,True,False,2,0,1,0,1,2,1
606839,True,False,2,0,1,0,1,2,1
606832,True,False,2,0,0,0,0,2,1
606844,True,False,1,0,0,0,0,1,1
606847,,,2,2,0,2,2,4,0
606853,False,True,1,2,1,1,2,3,2
606851,,,0,0,0,0,0,0,0
606849,,,1,1,1,0,1,2,0
606843,False,True,0,2,0,0,0,2,2
606845,True,False,2,0,0,0,0,2,1
606850,True,False,3,2,2,2,4,5,1
606848,True,False,4,0,2,0,2,4,1
606846,True,False,3,2,0,2,2,5,1
606852,False,True,1,2,0,1,1,3,2
606858,False,True,0,2,0,1,1,2,2
606857,True,False,1,0,1,0,1,1,1
606859,True,False,1,0,1,0,1,1,1
606855,False,True,1,3,0,0,0,4,2
606860,False,True,1,2,0,1,1,3,2
606856,True,False,1,0,0,0,0,1,1
606861,,,1,1,1,1,2,2,0
606862,,,1,1,0,0,0,2,0
606864,False,True,1,2,1,2,3,3,2
606854,False,True,0,1,0,0,0,1,2
606863,,,0,0,0,0,0,0,0
606872,True,False,2,1,2,1,3,3,1
606871,,,0,0,0,0,0,0,0
606870,,,0,0,0,0,0,0,0
606868,False,True,1,2,1,1,2,3,2
606866,False,True,0,1,0,0,0,1,2
606867,True,False,2,0,0,0,0,2,1
606865,False,True,0,2,0,0,0,2,2
606874,False,True,0,1,0,0,0,1,2
606873,True,False,1,0,0,0,0,1,1
606875,,,0,0,0,0,0,0,0
606869,True,False,3,1,2,0,2,4,1
606702,True,False,1,0,0,0,0,1,1
606765,,,1,1,0,0,0,2,0
606705,True,False,2,0,0,0,0,2,1
606884,True,False,1,0,0,0,0,1,1
606885,True,False,4,2,2,1,3,6,1
606882,False,True,0,1,0,0,0,1,2
606878,True,False,3,0,1,0,1,3,1
606880,False,True,0,1,0,0,0,1,2
606883,False,True,0,3,0,2,2,3,2
606876,True,False,3,1,1,1,2,4,1
606881,,,0,0,0,0,0,0,0
606877,False,True,1,2,0,0,0,3,2
606886,True,False,1,0,0,0,0,1,1
606879,,,0,0,0,0,0,0,0
606892,True,False,1,0,1,0,1,1,1
606895,,,1,1,0,1,1,2,0
606890,False,True,2,3,1,2,3,5,2
606894,True,False,1,0,0,0,0,1,1
606887,True,False,2,1,2,0,2,3,1
606888,True,False,2,1,1,0,1,3,1
606893,True,False,2,0,0,0,0,2,1
606889,,,0,0,0,0,0,0,0
606891,False,True,0,2,0,2,2,2,2
606896,,,1,1,0,0,0,2,0
606897,True,False,2,0,2,0,2,2,1
606903,,,0,0,0,0,0,0,0
606907,True,False,2,1,1,0,1,3,1
606905,True,False,2,1,1,1,2,3,1
606900,,,1,1,0,0,0,2,0
606901,False,True,0,1,0,0,0,1,2
606904,True,False,1,0,1,0,1,1,1
606898,,,1,1,0,0,0,2,0
606899,True,False,3,1,3,0,3,4,1
606908,,,2,2,1,2,3,4,0
606902,,,0,0,0,0,0,0,0
606906,,,0,0,0,0,0,0,0
606916,True,False,2,0,1,0,1,2,1
606912,,,1,1,1,0,1,2,0
606913,False,True,0,1,0,1,1,1,2
606919,True,False,3,0,1,0,1,3,1
606910,True,False,2,0,2,0,2,2,1
606915,,,1,1,0,1,1,2,0
606918,True,False,2,1,1,0,1,3,1
606917,,,1,1,1,0,1,2,0
606914,False,True,0,2,0,2,2,2,2
606925,,,0,0,0,0,0,0,0
606920,True,False,1,0,1,0,1,1,1
606930,False,True,1,3,1,3,4,4,2
606924,True,False,1,0,1,0,1,1,1
606928,True,False,2,0,1,0,1,2,1
606929,False,True,0,2,0,1,1,2,2
606921,,,2,2,1,0,1,4,0
606927,,,0,0,0,0,0,0,0
606923,True,False,2,0,1,0,1,2,1
606926,True,False,2,1,0,0,0,3,1
606922,False,True,0,2,0,2,2,2,2
606909,False,True,1,2,1,1,2,3,2
606938,True,False,1,0,1,0,1,1,1
606937,False,True,0,1,0,0,0,1,2
606931,False,True,0,1,0,0,0,1,2
606935,True,False,1,0,0,0,0,1,1
606932,True,False,3,1,1,0,1,4,1
606940,,,0,0,0,0,0,0,0
606933,False,True,2,3,2,0,2,5,2
606936,True,False,2,0,1,0,1,2,1
606941,,,1,1,0,1,1,2,0
606934,True,False,3,2,2,1,3,5,1
606939,,,0,0,0,0,0,0,0
606942,False,True,0,1,0,0,0,1,2
606943,True,False,2,0,1,0,1,2,1
606948,False,True,0,4,0,2,2,4,2
606946,,,1,1,0,0,0,2,0
606945,False,True,0,2,0,0,0,2,2
606950,False,True,1,2,0,2,2,3,2
606944,False,True,0,1,0,0,0,1,2
606952,False,True,0,1,0,0,0,1,2
606947,False,True,0,1,0,0,0,1,2
606951,True,False,2,0,1,0,1,2,1
606949,,,1,1,1,0,1,2,0
606961,,,1,1,0,1,1,2,0
606955,,,2,2,1,1,2,4,0
606959,,,3,3,2,1,3,6,0
606963,True,False,1,0,0,0,0,1,1
606958,False,True,1,2,0,1,1,3,2
606954,True,False,3,1,1,0,1,4,1
606957,True,False,3,1,2,0,2,4,1
606953,True,False,1,0,1,0,1,1,1
606962,True,False,1,0,0,0,0,1,1
606956,False,True,1,2,1,2,3,3,2
606960,True,False,3,1,1,1,2,4,1
606911,True,False,2,1,0,1,1,3,1
606973,True,False,1,0,0,0,0,1,1
606966,True,False,1,0,0,0,0,1,1
606964,False,True,0,1,0,1,1,1,2
606968,True,False,2,0,2,0,2,2,1
606969,True,False,1,0,0,0,0,1,1
606972,True,False,2,0,1,0,1,2,1
606965,True,False,2,1,2,0,2,3,1
606970,,,1,1,0,0,0,2,0
606971,True,False,2,0,2,0,2,2,1
606967,,,2,2,0,1,1,4,0
606974,False,True,0,1,0,0,0,1,2
606983,,,0,0,0,0,0,0,0
606976,True,False,1,0,0,0,0,1,1
606981,,,1,1,0,0,0,2,0
606975,True,False,4,1,1,1,2,5,1
606977,True,False,4,0,1,0,1,4,1
606979,False,True,0,1,0,1,1,1,2
606978,,,1,1,0,1,1,2,0
606984,,,1,1,1,1,2,2,0
606985,True,False,3,1,0,0,0,4,1
606982,True,False,1,0,0,0,0,1,1
606980,True,False,1,0,0,0,0,1,1
606989,,,1,1,1,0,1,2,0
606996,True,False,1,0,1,0,1,1,1
606990,,,1,1,0,1,1,2,0
606991,,,0,0,0,0,0,0,0
606986,,,1,1,0,0,0,2,0
606993,True,False,2,0,0,0,0,2,1
606995,,,2,2,0,1,1,4,0
606994,True,False,2,1,1,0,1,3,1
606988,False,True,0,1,0,0,0,1,2
606987,True,False,4,0,0,0,0,4,1
606992,,,0,0,0,0,0,0,0
606998,,,1,1,1,0,1,2,0
607004,True,False,3,2,1,2,3,5,1
607001,False,True,1,2,1,1,2,3,2
607000,,,1,1,0,1,1,2,0
606999,True,False,2,1,1,0,1,3,1
607003,,,2,2,1,1,2,4,0
607002,False,True,0,1,0,1,1,1,2
607006,True,False,2,0,1,0,1,2,1
607007,True,False,2,0,0,0,0,2,1
607005,False,True,1,3,0,1,1,4,2
606997,,,0,0,0,0,0,0,0
607011,False,True,1,2,1,0,1,3,2
607018,,,1,1,1,0,1,2,0
607015,,,0,0,0,0,0,0,0
607012,False,True,0,2,0,0,0,2,2
607010,True,False,4,0,3,0,3,4,1
607016,True,False,2,1,0,1,1,3,1
607014,,,1,1,1,0,1,2,0
607013,,,0,0,0,0,0,0,0
607009,False,True,0,3,0,2,2,3,2
607008,True,False,2,0,1,0,1,2,1
607017,True,False,1,0,1,0,1,1,1
607028,,,0,0,0,0,0,0,0
607021,False,True,1,3,1,2,3,4,2
607027,,,1,1,1,1,2,2,0
607019,,,1,1,0,0,0,2,0
607020,,,1,1,1,0,1,2,0
607024,,,1,1,1,0,1,2,0
607025,False,True,0,1,0,1,1,1,2
607022,True,False,2,1,0,0,0,3,1
607029,,,1,1,1,1,2,2,0
607023,True,False,4,1,3,0,3,5,1
607031,,,1,1,1,0,1,2,0
607034,False,True,0,3,0,2,2,3,2
607037,,,2,2,0,1,1,4,0
607038,False,True,0,1,0,1,1,1,2
607030,False,True,0,1,0,0,0,1,2
607040,,,2,2,2,1,3,4,0
607032,True,False,4,0,3,0,3,4,1
607035,True,False,1,0,1,0,1,1,1
607033,True,False,6,1,3,1,4,7,1
607039,,,0,0,0,0,0,0,0
607042,False,True,0,1,0,0,0,1,2
607049,True,False,1,0,0,0,0,1,1
607045,True,False,3,1,1,0,1,4,1
607044,True,False,1,0,0,0,0,1,1
607051,False,True,1,2,0,0,0,3,2
607041,False,True,0,3,0,1,1,3,2
607048,True,False,2,1,2,0,2,3,1
607050,False,True,0,1,0,0,0,1,2
607047,,,1,1,0,1,1,2,0
607043,True,False,2,1,2,0,2,3,1
607046,False,True,0,1,0,0,0,1,2
607062,True,False,1,0,0,0,0,1,1
607057,,,0,0,0,0,0,0,0
607059,,,0,0,0,0,0,0,0
607058,True,False,2,1,1,1,2,3,1
607054,True,False,2,0,1,0,1,2,1
607060,True,False,2,1,1,1,2,3,1
607055,True,False,2,0,1,0,1,2,1
607056,False,True,0,1,0,0,0,1,2
607061,,,1,1,1,0,1,2,0
607053,True,False,2,1,1,0,1,3,1
607052,True,False,2,1,1,1,2,3,1
607026,False,True,0,1,0,0,0,1,2
607068,,,2,2,0,1,1,4,0
607067,True,False,3,0,1,0,1,3,1
607072,False,True,1,3,0,1,1,4,2
607066,True,False,1,0,1,0,1,1,1
607073,False,True,0,1,0,1,1,1,2
607069,,,1,1,0,0,0,2,0
607071,,,0,0,0,0,0,0,0
607063,True,False,1,0,0,0,0,1,1
607065,,,0,0,0,0,0,0,0
607070,,,1,1,1,0,1,2,0
607064,,,1,1,0,0,0,2,0
607036,,,0,0,0,0,0,0,0
607082,,,0,0,0,0,0,0,0
607076,False,True,0,1,0,0,0,1,2
607077,False,True,0,1,0,1,1,1,2
607075,True,False,4,0,3,0,3,4,1
607079,True,False,2,0,1,0,1,2,1
607081,False,True,0,1,0,0,0,1,2
607078,,,1,1,1,1,2,2,0
607074,False,True,1,2,1,1,2,3,2
607084,,,1,1,1,0,1,2,0
607080,,,2,2,1,0,1,4,0
607083,True,False,1,0,1,0,1,1,1
607093,,,2,2,1,0,1,4,0
607088,True,False,1,0,1,0,1,1,1
607086,,,2,2,2,0,2,4,0
607094,True,False,2,1,1,0,1,3,1
607090,True,False,2,1,1,0,1,3,1
607089,True,False,3,0,2,0,2,3,1
607087,,,0,0,0,0,0,0,0
607092,,,0,0,0,0,0,0,0
607091,True,False,2,0,1,0,1,2,1
607095,True,False,2,0,0,0,0,2,1
607085,False,True,0,1,0,1,1,1,2
607106,False,True,0,1,0,0,0,1,2
607104,,,0,0,0,0,0,0,0
607101,False,True,0,1,0,1,1,1,2
607096,,,0,0,0,0,0,0,0
607099,,,1,1,1,1,2,2,0
607100,True,False,2,1,1,1,2,3,1
607103,True,False,2,1,2,1,3,3,1
607098,False,True,1,4,0,2,2,5,2
607097,True,False,1,0,0,0,0,1,1
607102,,,1,1,0,1,1,2,0
607105,True,False,1,0,0,0,0,1,1
607110,False,True,0,2,0,1,1,2,2
607108,False,True,0,2,0,1,1,2,2
607114,True,False,2,1,0,1,1,3,1
607112,False,True,0,2,0,1,1,2,2
607107,,,1,1,1,1,2,2,0
607117,False,True,0,2,0,1,1,2,2
607111,False,True,1,2,0,2,2,3,2
607115,True,False,2,0,1,0,1,2,1
607113,True,False,3,0,1,0,1,3,1
607116,True,False,1,0,0,0,0,1,1
607109,True,False,1,0,1,0,1,1,1
607120,True,False,3,2,1,1,2,5,1
607124,False,True,1,4,0,2,2,5,2
607118,,,1,1,1,1,2,2,0
607121,True,False,1,0,0,0,0,1,1
607119,True,False,2,0,1,0,1,2,1
607123,,,0,0,0,0,0,0,0
607128,False,True,0,1,0,1,1,1,2
607122,False,True,0,1,0,0,0,1,2
607127,True,False,1,0,0,0,0,1,1
607125,True,False,4,1,3,1,4,5,1
607126,True,False,3,0,1,0,1,3,1
607137,True,False,2,1,0,1,1,3,1
607132,,,1,1,0,1,1,2,0
607138,,,1,1,1,0,1,2,0
607136,True,False,2,1,1,0,1,3,1
607139,True,False,2,0,2,0,2,2,1
607135,True,False,1,0,0,0,0,1,1
607129,True,False,2,1,2,0,2,3,1
607133,,,0,0,0,0,0,0,0
607131,True,False,1,0,0,0,0,1,1
607130,False,True,0,2,0,0,0,2,2
607134,True,False,3,2,2,0,2,5,1
607150,,,2,2,0,1,1,4,0
607140,False,True,1,2,0,1,1,3,2
607148,False,True,0,5,0,3,3,5,2
607149,False,True,0,2,0,0,0,2,2
607146,,,2,2,1,1,2,4,0
607147,False,True,0,1,0,1,1,1,2
607144,True,False,3,0,1,0,1,3,1
607141,True,False,1,0,1,0,1,1,1
607142,,,1,1,0,0,0,2,0
607145,False,True,0,2,0,0,0,2,2
607143,False,True,0,1,0,0,0,1,2
721261,True,False,2,0,1,0,1,2,1
721268,,,0,0,0,0,0,0,0
721266,True,False,1,0,0,0,0,1,1
721260,True,False,2,0,0,0,0,2,1
721265,True,False,1,0,0,0,0,1,1
721267,True,False,1,0,0,0,0,1,1
721264,,,2,2,2,0,2,4,0
721262,,,1,1,0,0,0,2,0
721270,False,True,1,2,0,1,1,3,2
721263,,,0,0,0,0,0,0,0
721269,False,True,1,3,0,2,2,4,2
721280,True,False,2,0,1,0,1,2,1
721271,True,False,2,1,2,1,3,3,1
721277,,,0,0,0,0,0,0,0
721279,,,0,0,0,0,0,0,0
721281,False,True,0,2,0,0,0,2,2
721275,,,2,2,1,0,1,4,0
721273,,,0,0,0,0,0,0,0
721272,False,True,0,1,0,0,0,1,2
721274,True,False,2,0,0,0,0,2,1
721278,True,False,2,0,0,0,0,2,1
721276,,,0,0,0,0,0,0,0
721284,True,False,2,1,2,0,2,3,1
721286,True,False,1,0,1,0,1,1,1
721290,True,False,2,1,1,0,1,3,1
721287,,,0,0,0,0,0,0,0
721283,False,True,1,2,0,0,0,3,2
721288,True,False,2,1,1,0,1,3,1
721292,True,False,2,1,1,1,2,3,1
721285,False,True,0,2,0,1,1,2,2
721289,,,0,0,0,0,0,0,0
721282,False,True,0,1,0,0,0,1,2
721291,False,True,0,1,0,0,0,1,2
721298,False,True,1,2,0,1,1,3,2
721296,,,1,1,1,1,2,2,0
721302,True,False,2,0,0,0,0,2,1
721295,True,False,1,0,0,0,0,1,1
721297,,,1,1,1,1,2,2,0
721293,True,False,2,0,0,0,0,2,1
721294,True,False,3,0,3,0,3,3,1
721300,,,1,1,0,1,1,2,0
721301,True,False,4,2,3,1,4,6,1
721303,False,True,1,2,1,0,1,3,2
721299,False,True,1,2,0,1,1,3,2
721313,True,False,2,1,1,0,1,3,1
721304,,,2,2,1,1,2,4,0
721312,False,True,2,3,0,1,1,5,2
721306,,,1,1,0,1,1,2,0
721309,False,True,1,3,1,1,2,4,2
721310,True,False,2,0,1,0,1,2,1
721314,False,True,0,2,0,2,2,2,2
721311,True,False,1,0,0,0,0,1,1
721305,,,1,1,1,0,1,2,0
721308,True,False,2,0,1,0,1,2,1
721307,True,False,3,2,1,2,3,5,1
721323,False,True,0,4,0,3,3,4,2
721318,,,1,1,1,0,1,2,0
721319,True,False,1,0,1,0,1,1,1
721322,,,1,1,1,1,2,2,0
721316,True,False,1,0,0,0,0,1,1
721325,True,False,2,1,1,1,2,3,1
721317,,,0,0,0,0,0,0,0
721320,True,False,4,0,2,0,2,4,1
721315,True,False,3,2,1,1,2,5,1
721321,False,True,1,2,1,0,1,3,2
721324,,,0,0,0,0,0,0,0
721331,False,True,0,2,0,1,1,2,2
721334,True,False,3,1,0,0,0,4,1
721326,True,False,2,0,1,0,1,2,1
721335,,,1,1,1,1,2,2,0
721327,True,False,2,1,2,0,2,3,1
721329,False,True,1,2,1,1,2,3,2
721332,True,False,2,1,0,1,1,3,1
721330,,,0,0,0,0,0,0,0
721328,,,1,1,1,1,2,2,0
721333,True,False,2,0,1,0,1,2,1
721336,True,False,2,1,1,0,1,3,1
721344,,,2,2,0,0,0,4,0
721340,False,True,1,2,1,1,2,3,2
721347,,,1,1,1,0,1,2,0
721345,,,0,0,0,0,0,0,0
721346,False,True,1,4,1,2,3,5,2
721338,True,False,3,1,1,1,2,4,1
721343,True,False,1,0,1,0,1,1,1
721342,True,False,4,1,3,0,3,5,1
721337,True,False,1,0,1,0,1,1,1
721341,,,1,1,0,0,0,2,0
721339,False,True,1,2,0,0,0,3,2
721355,,,1,1,0,1,1,2,0
721350,True,False,1,0,0,0,0,1,1
721351,,,3,3,1,2,3,6,0
721358,,,1,1,1,0,1,2,0
721352,,,1,1,1,0,1,2,0
721353,,,1,1,0,0,0,2,0
721348,True,False,5,1,3,0,3,6,1
721349,True,False,2,1,1,1,2,3,1
721354,True,False,2,1,1,0,1,3,1
721357,True,False,1,0,0,0,0,1,1
721356,,,0,0,0,0,0,0,0
721359,True,False,1,0,1,0,1,1,1
721360,False,True,1,3,0,0,0,4,2
721368,False,True,2,3,1,1,2,5,2
721363,True,False,2,1,1,0,1,3,1
721364,,,1,1,1,1,2,2,0
721367,True,False,1,0,0,0,0,1,1
721361,False,True,0,2,0,1,1,2,2
721362,False,True,0,2,0,1,1,2,2
721366,,,1,1,0,0,0,2,0
721369,,,1,1,1,1,2,2,0
721365,,,0,0,0,0,0,0,0
721379,,,0,0,0,0,0,0,0
721377,True,False,1,0,0,0,0,1,1
721372,False,True,0,1,0,0,0,1,2
721373,,,1,1,0,0,0,2,0
721378,,,0,0,0,0,0,0,0
721375,,,3,3,2,2,4,6,0
721380,True,False,2,0,2,0,2,2,1
721376,True,False,3,1,1,1,2,4,1
721374,,,1,1,0,0,0,2,0
721371,False,True,1,3,0,1,1,4,2
721370,False,True,1,2,0,2,2,3,2
721389,True,False,2,1,2,0,2,3,1
721391,True,False,3,1,1,1,2,4,1
721386,False,True,1,2,0,1,1,3,2
721383,True,False,1,0,1,0,1,1,1
721381,False,True,1,2,0,1,1,3,2
721387,False,True,1,2,0,1,1,3,2
721384,False,True,1,4,0,3,3,5,2
721388,True,False,3,1,1,1,2,4,1
721385,False,True,1,2,0,1,1,3,2
721382,True,False,3,0,1,0,1,3,1
721390,,,1,1,0,0,0,2,0
721394,False,True,0,1,0,1,1,1,2
721399,True,False,1,0,1,0,1,1,1
721402,,,1,1,1,0,1,2,0
721392,,,1,1,0,0,0,2,0
721400,False,True,0,1,0,1,1,1,2
721401,False,True,1,2,0,0,0,3,2
721393,True,False,2,1,1,0,1,3,1
721396,True,False,2,0,0,0,0,2,1
721397,,,1,1,1,0,1,2,0
721398,False,True,0,2,0,0,0,2,2
721395,True,False,4,0,2,0,2,4,1
721408,False,True,0,1,0,0,0,1,2
721407,,,1,1,0,0,0,2,0
721403,,,1,1,1,1,2,2,0
721406,True,False,3,2,0,1,1,5,1
721409,True,False,4,1,3,1,4,5,1
721411,True,False,1,0,0,0,0,1,1
721404,True,False,2,1,2,0,2,3,1
721410,False,True,0,1,0,0,0,1,2
721412,True,False,3,1,0,1,1,4,1
721405,True,False,2,1,2,1,3,3,1
721413,,,0,0,0,0,0,0,0
721414,False,True,0,2,0,0,0,2,2
721415,False,True,1,2,0,1,1,3,2
721419,True,False,3,1,2,0,2,4,1
721416,,,1,1,1,0,1,2,0
721424,,,0,0,0,0,0,0,0
721421,,,2,2,0,1,1,4,0
721420,True,False,2,0,1,0,1,2,1
721422,True,False,2,0,1,0,1,2,1
721423,True,False,3,1,1,0,1,4,1
721417,False,True,0,1,0,0,0,1,2
721418,True,False,2,1,1,0,1,3,1
721428,False,True,0,1,0,0,0,1,2
721429,True,False,3,0,1,0,1,3,1
721432,True,False,2,1,2,1,3,3,1
721427,False,True,0,1,0,0,0,1,2
721425,False,True,2,3,1,1,2,5,2
721430,False,True,1,3,1,2,3,4,2
721434,False,True,0,1,0,1,1,1,2
721433,True,False,2,0,1,0,1,2,1
721431,True,False,1,0,1,0,1,1,1
721435,,,0,0,0,0,0,0,0
721426,True,False,1,0,1,0,1,1,1
721443,,,1,1,1,0,1,2,0
721436,True,False,2,0,2,0,2,2,1
721446,True,False,2,1,1,0,1,3,1
721441,True,False,3,1,0,1,1,4,1
721442,True,False,1,0,0,0,0,1,1
721445,,,2,2,2,1,3,4,0
721439,True,False,1,0,0,0,0,1,1
721444,,,0,0,0,0,0,0,0
721437,True,False,4,1,3,0,3,5,1
721438,False,True,1,2,0,1,1,3,2
721440,False,True,0,2,0,1,1,2,2
721448,,,1,1,0,0,0,2,0
721452,,,1,1,0,1,1,2,0
721455,True,False,3,0,1,0,1,3,1
721449,,,1,1,1,0,1,2,0
721453,,,0,0,0,0,0,0,0
721451,True,False,2,0,2,0,2,2,1
721447,True,False,4,1,2,0,2,5,1
721454,,,1,1,1,1,2,2,0
721457,False,True,0,1,0,1,1,1,2
721450,True,False,2,0,1,0,1,2,1
721456,True,False,4,2,2,1,3,6,1
721467,True,False,3,2,2,0,2,5,1
721465,,,1,1,0,0,0,2,0
721461,True,False,2,1,1,0,1,3,1
721459,False,True,1,2,0,2,2,3,2
721458,,,0,0,0,0,0,0,0
721460,True,False,3,1,0,0,0,4,1
721462,False,True,0,1,0,1,1,1,2
721468,True,False,1,0,0,0,0,1,1
721463,True,False,1,0,0,0,0,1,1
721464,,,1,1,0,0,0,2,0
721466,True,False,3,0,2,0,2,3,1
721472,,,1,1,0,0,0,2,0
721478,True,False,2,0,1,0,1,2,1
721469,,,1,1,0,1,1,2,0
721476,True,False,3,0,0,0,0,3,1
721479,,,2,2,2,1,3,4,0
721473,,,1,1,1,0,1,2,0
721470,,,1,1,0,1,1,2,0
721474,True,False,2,1,2,1,3,3,1
721475,,,1,1,1,1,2,2,0
721477,,,1,1,1,1,2,2,0
721471,True,False,2,0,0,0,0,2,1
721490,True,False,3,1,2,0,2,4,1
721481,False,True,0,2,0,1,1,2,2
721484,False,True,0,2,0,0,0,2,2
721482,False,True,0,1,0,1,1,1,2
721489,,,0,0,0,0,0,0,0
721485,,,1,1,0,1,1,2,0
721487,False,True,0,2,0,2,2,2,2
721486,False,True,0,2,0,0,0,2,2
721488,True,False,3,0,2,0,2,3,1
721480,,,0,0,0,0,0,0,0
721495,True,False,2,0,0,0,0,2,1
721501,,,2,2,2,1,3,4,0
721491,True,False,3,2,2,0,2,5,1
721500,False,True,0,1,0,1,1,1,2
721498,True,False,1,0,1,0,1,1,1
721496,,,1,1,0,1,1,2,0
721493,False,True,0,1,0,0,0,1,2
721494,True,False,2,0,1,0,1,2,1
721492,False,True,1,2,1,1,2,3,2
721497,False,True,0,1,0,0,0,1,2
721499,False,True,0,1,0,0,0,1,2
721511,,,1,1,1,1,2,2,0
721512,False,True,0,3,0,1,1,3,2
721503,True,False,6,2,2,2,4,8,1
721510,True,False,1,0,0,0,0,1,1
721504,,,1,1,0,0,0,2,0
721502,True,False,2,1,2,0,2,3,1
721506,True,False,2,1,1,0,1,3,1
721507,,,2,2,1,2,3,4,0
721509,,,0,0,0,0,0,0,0
721505,,,1,1,1,0,1,2,0
721508,,,1,1,1,0,1,2,0
721483,True,False,2,1,2,0,2,3,1
721520,True,False,4,0,2,0,2,4,1
721521,,,0,0,0,0,0,0,0
721514,True,False,3,2,1,1,2,5,1
721517,False,True,0,5,0,1,1,5,2
721513,True,False,4,0,3,0,3,4,1
721519,True,False,2,1,0,1,1,3,1
721515,,,1,1,0,0,0,2,0
721516,False,True,1,2,0,1,1,3,2
721522,,,0,0,0,0,0,0,0
721518,False,True,1,2,0,0,0,3,2
721523,False,True,0,2,0,1,1,2,2
721532,True,False,1,0,0,0,0,1,1
721533,True,False,1,0,1,0,1,1,1
721528,True,False,1,0,0,0,0,1,1
721524,True,False,2,1,0,0,0,3,1
721530,True,False,2,0,1,0,1,2,1
721526,True,False,1,0,0,0,0,1,1
721534,True,False,3,0,1,0,1,3,1
721527,,,0,0,0,0,0,0,0
721529,True,False,3,0,2,0,2,3,1
721531,False,True,1,2,1,0,1,3,2
721525,,,2,2,0,2,2,4,0
721544,True,False,3,1,2,1,3,4,1
721542,True,False,2,0,0,0,0,2,1
721538,,,1,1,0,1,1,2,0
721541,,,1,1,0,1,1,2,0
721539,False,True,0,1,0,1,1,1,2
721536,True,False,3,0,1,0,1,3,1
721535,,,0,0,0,0,0,0,0
721543,,,1,1,1,1,2,2,0
721545,False,True,0,2,0,2,2,2,2
721537,True,False,4,0,0,0,0,4,1
721540,,,0,0,0,0,0,0,0
721556,True,False,2,1,0,0,0,3,1
721549,False,True,0,3,0,1,1,3,2
721555,True,False,2,1,1,1,2,3,1
721552,,,2,2,0,1,1,4,0
721548,False,True,0,1,0,0,0,1,2
721554,,,0,0,0,0,0,0,0
721550,,,3,3,3,1,4,6,0
721547,,,1,1,1,0,1,2,0
721553,False,True,0,2,0,1,1,2,2
721546,False,True,0,2,0,0,0,2,2
721551,True,False,3,2,1,0,1,5,1
721567,False,True,2,3,1,2,3,5,2
721563,True,False,2,1,1,0,1,3,1
721562,True,False,2,0,2,0,2,2,1
721558,False,True,0,1,0,1,1,1,2
721560,True,False,2,0,1,0,1,2,1
721557,,,2,2,1,0,1,4,0
721566,False,True,0,1,0,0,0,1,2
721559,True,False,1,0,0,0,0,1,1
721561,False,True,2,3,0,2,2,5,2
721564,True,False,2,1,0,0,0,3,1
721565,False,True,1,3,0,1,1,4,2
721577,True,False,3,1,1,1,2,4,1
721572,True,False,2,1,2,1,3,3,1
721568,True,False,2,1,1,1,2,3,1
721573,False,True,0,1,0,0,0,1,2
721570,,,2,2,2,1,3,4,0
721578,True,False,2,0,1,0,1,2,1
721574,False,True,1,2,0,1,1,3,2
721575,True,False,5,1,2,0,2,6,1
721569,,,1,1,1,1,2,2,0
721576,,,2,2,0,2,2,4,0
721571,,,1,1,0,0,0,2,0
721586,True,False,2,0,1,0,1,2,1
721589,False,True,1,2,0,1,1,3,2
721580,,,0,0,0,0,0,0,0
721585,False,True,1,4,0,1,1,5,2
721582,True,False,1,0,0,0,0,1,1
721583,,,1,1,1,0,1,2,0
721587,False,True,1,2,0,1,1,3,2
721588,True,False,4,1,1,1,2,5,1
721581,True,False,2,0,2,0,2,2,1
721579,True,False,2,1,1,0,1,3,1
721584,True,False,2,1,1,0,1,3,1
721599,True,False,2,1,0,1,1,3,1
721593,,,1,1,0,0,0,2,0
721596,True,False,2,1,1,0,1,3,1
721590,,,3,3,1,1,2,6,0
721594,False,True,1,3,1,0,1,4,2
721595,,,0,0,0,0,0,0,0
721591,,,0,0,0,0,0,0,0
721592,True,False,1,0,1,0,1,1,1
721598,False,True,1,2,0,0,0,3,2
721597,True,False,3,0,0,0,0,3,1
721600,True,False,1,0,0,0,0,1,1
721604,True,False,1,0,1,0,1,1,1
721608,False,True,1,3,1,0,1,4,2
721602,True,False,1,0,0,0,0,1,1
721601,True,False,3,0,1,0,1,3,1
721606,,,1,1,0,0,0,2,0
721610,False,True,0,1,0,0,0,1,2
721603,True,False,5,1,3,0,3,6,1
721611,,,0,0,0,0,0,0,0
721607,,,2,2,2,0,2,4,0
721605,,,1,1,0,1,1,2,0
721609,False,True,0,1,0,0,0,1,2
721622,,,1,1,0,0,0,2,0
721616,,,2,2,1,1,2,4,0
721615,True,False,1,0,0,0,0,1,1
721621,True,False,4,1,1,1,2,5,1
721620,True,False,3,0,1,0,1,3,1
721619,True,False,3,1,2,0,2,4,1
721614,True,False,1,0,0,0,0,1,1
721612,False,True,1,2,1,2,3,3,2
721618,False,True,0,2,0,0,0,2,2
721613,False,True,0,1,0,1,1,1,2
721617,True,False,4,2,3,1,4,6,1
721627,True,False,1,0,0,0,0,1,1
721631,False,True,2,4,2,2,4,6,2
721633,True,False,4,1,1,0,1,5,1
721623,True,False,3,1,0,0,0,4,1
721632,,,1,1,1,1,2,2,0
721625,False,True,1,2,1,1,2,3,2
721624,,,0,0,0,0,0,0,0
721630,False,True,1,2,1,0,1,3,2
721626,,,1,1,0,0,0,2,0
721628,,,1,1,1,1,2,2,0
721629,True,False,3,2,1,2,3,5,1
721640,True,False,1,0,1,0,1,1,1
721644,False,True,1,2,0,1,1,3,2
721641,,,2,2,1,0,1,4,0
721635,,,1,1,1,0,1,2,0
721639,True,False,1,0,0,0,0,1,1
721637,False,True,2,3,1,2,3,5,2
721634,True,False,1,0,1,0,1,1,1
721638,True,False,2,0,0,0,0,2,1
721642,True,False,3,1,1,1,2,4,1
721643,True,False,1,0,0,0,0,1,1
721636,True,False,3,0,1,0,1,3,1
721645,,,2,2,1,2,3,4,0
721653,True,False,1,0,0,0,0,1,1
721648,False,True,0,3,0,0,0,3,2
721652,,,2,2,1,1,2,4,0
721650,False,True,0,1,0,0,0,1,2
721655,True,False,3,1,1,1,2,4,1
721649,True,False,3,1,1,0,1,4,1
721654,True,False,2,1,1,0,1,3,1
721647,,,1,1,1,1,2,2,0
721651,True,False,3,1,2,0,2,4,1
721646,True,False,2,0,0,0,0,2,1
721662,,,0,0,0,0,0,0,0
721661,True,False,2,1,2,0,2,3,1
721656,False,True,2,3,2,0,2,5,2
721666,True,False,3,0,2,0,2,3,1
721659,False,True,1,3,1,1,2,4,2
721664,False,True,1,2,0,0,0,3,2
721657,,,1,1,0,1,1,2,0
721660,False,True,0,1,0,1,1,1,2
721658,,,0,0,0,0,0,0,0
721663,,,0,0,0,0,0,0,0
721665,True,False,1,0,0,0,0,1,1
721670,True,False,2,1,1,0,1,3,1
721672,True,False,3,0,1,0,1,3,1
721668,True,False,2,0,0,0,0,2,1
721667,False,True,0,2,0,2,2,2,2
721677,True,False,2,1,1,0,1,3,1
721674,False,True,0,1,0,1,1,1,2
721676,False,True,0,1,0,1,1,1,2
721673,True,False,4,2,3,2,5,6,1
721671,False,True,0,2,0,0,0,2,2
721669,True,False,2,1,1,1,2,3,1
721675,False,True,1,2,0,0,0,3,2
